KUNNR,NAME1,LAND1,ORT01,PSTLZ,STRAS,BUKRS,AKONT,ZTERM,STCEG,KTOKD,ZZ_COLD_CHAIN,ZZ_LICENCE_VALID
0000210045,INSTITUT PASTEUR DE DAKAR,FR,PARIS,75015,25 RUE DU DOCTEUR ROUX,BE02,140000,ZB60,FR40775688131,0001,X,X
0000210112,UNICEF SUPPLY DIVISION,DK,COPENHAGEN,2100,OCEANVEJ 10-12,BE02,140000,ZB00,,0002,X,X
0000210113,PAHO REVOLVING FUND,US,WASHINGTON,20037,525 23RD ST NW,BE02,140000,ZB00,,0002,X,X
0000210114,GAVI ALLIANCE,CH,GENEVA,1218,CHEMIN DU POMMIER 40,BE02,140000,ZB00,,0002,X,X
0000210115,MINISTRY OF HEALTH KENYA,KE,NAIROBI,00100,AFYA HOUSE CATHEDRAL ROAD,BE02,140000,ZB60,,0001,X,
0000210116,CENTRAL MEDICAL STORES TANZANIA,TZ,DAR ES SALAAM,,NYERERE ROAD,BE02,140000,ZB60,,0001,,
0000210117,ZUELLIG PHARMA SINGAPORE,SG,SINGAPORE,629117,15 CHANGI NORTH WAY,BE02,140000,ZB30,,0001,X,X
0000210118,BIOFARMA PERSERO,ID,BANDUNG,40161,JALAN PASTEUR 28,BE02,140000,ZB60,,0001,X,
0000210119,,BE,WAVRE,1300,RUE DE L INSTITUT 89,BE02,140000,ZB14,,0001,X,X
